{"cameraMode":{"drawMode":0,"name":"Shaded","section":"Shading Mode"},"sceneLighting":true,"audioPlay":false,"sceneViewState":{"showFog":true,"showMaterialUpdate":false,"showSkybox":true,"showFlares":true,"showImageEffects":true,"showParticleSystems":true},"in2DMode":false,"pivot":{"x":0.7214438319206238,"y":-0.8942474722862244,"z":2.1944313049316408},"rotation":{"x":-0.5433416962623596,"y":0.029450858011841775,"z":-0.01907740719616413,"w":-0.8387807607650757},"size":0.8595775961875916,"orthographic":false}